<?xml version='1.0' encoding='utf-8' standalone='yes' ?>
<map>
    <boolean name="enable_ig_bg" value="true" />
    <string name="conversation_style_attach">0</string>
    <int name="ModChaSendBKColor" value="-263173" />
    <int name="fab_bom_color_picker" value="-526345" />
    <int name="quoted_text_picker" value="-10066330" />
    <int name="tittle_size" value="18" />
    <boolean name="my_statusd" value="true" />
    <boolean name="ModFabNormalColor_check" value="true" />
    <int name="RcTargetColor" value="-284552933" />
    <boolean name="enable_sticker" value="true" />
    <boolean name="hide_widget_home" value="false" />
    <int name="CardStori_GC" value="-2039574" />
    <boolean name="RcBkTabs_Gactive" value="false" />
    <boolean name="ModContactNameColor_Gactive" value="false" />
    <boolean name="date_bubble_color_picker_Gactive" value="false" />
    <int name="rcCard2_GC" value="-3093774" />
    <boolean name="ItemText_Gactive" value="false" />
    <boolean name="hide_Conv_groupcall_btn" value="false" />
    <boolean name="Conv_call_btn" value="false" />
    <boolean name="ModFabTextColor_Gactive" value="false" />
    <boolean name="RcSeenColor_Gactive" value="false" />
    <boolean name="Hide_div" value="true" />
    <string name="key_bottomtab_style">0</string>
    <int name="ModFabTextColor_picker" value="-16753441" />
    <int name="border_pic_color_chat_picker" value="-526345" />
    <boolean name="TextSearch_Gactive" value="false" />
    <int name="warnaFabIconIgStory_picker" value="-15459034" />
    <boolean name="dial_bg_Gactive" value="false" />
    <boolean name="HomeBarText_Gactive" value="false" />
    <boolean name="seenColor_check" value="true" />
    <int name="rcCard1" value="-2705930" />
    <int name="rcCard2" value="-1507585" />
    <int name="rcCard3" value="-1832" />
    <int name="border_pic_color" value="-16753441" />
    <int name="rcAttachIcon" value="-16753441" />
    <boolean name="dial_text_Gactive" value="false" />
    <int name="ConvoBack" value="-1" />
    <boolean name="onlinechat" value="true" />
    <int name="warnaFabIgStory_picker" value="-526345" />
    <int name="border_pic_color_picker" value="-526345" />
    <string name="convostyle">1</string>
    <int name="HomeCounterBK" value="-16753441" />
    <int name="color_garis_time_line_picker" value="-16753441" />
    <int name="ModChatBubbleTextLeft" value="-16777216" />
    <int name="ModChatColor_GC" value="-15847284" />
    <int name="quoted_divider_picker" value="0" />
    <boolean name="chat_contactpicV2" value="true" />
    <int name="text_nama_igstory" value="-16777216" />
    <int name="ItemIcon" value="-16777216" />
    <boolean name="chats_row_divider_picker_Gactive" value="false" />
    <int name="RcSeenColor" value="-6118750" />
    <int name="ModFabTextColor" value="-16753441" />
    <int name="rcEmojiColor" value="-16753441" />
    <boolean name="ModConTextColor_Gactive" value="false" />
    <boolean name="group_mypicV2" value="true" />
    <int name="ModConBackColor" value="-1" />
    <boolean name="RCtabBg_Gactive" value="false" />
    <boolean name="error_Gactive" value="false" />
    <boolean name="yo_hideinfo" value="true" />
    <boolean name="ItemIcon_Gactive" value="false" />
    <int name="HomeCounterText" value="-1" />
    <int name="RcUnSeenColor" value="-15505416" />
    <int name="BgSearch" value="-1776153" />
    <boolean name="tabadgeBKColor_Gactive" value="false" />
    <int name="ModFabNormalColor_picker" value="-526345" />
    <int name="ModChatBubbleHyperlinks" value="-2023091" />
    <boolean name="rcCard1_Gactive" value="true" />
    <int name="ModlastseenColor" value="-16753441" />
    <int name="RcBkTabs_GC" value="-10087763" />
    <int name="ModDarkConPickColorNav" value="-526345" />
    <boolean name="rcname_color_sub_Gactive" value="false" />
    <int name="BGColor" value="-263173" />
    <boolean name="rcMicColor_Gactive" value="false" />
    <int name="rcCard1_GC" value="-14602" />
    <string name="font">Default</string>
    <boolean name="on_anim" value="false" />
    <int name="quoted_bg_picker" value="-263173" />
    <boolean name="pagetitle_picker_Gactive" value="false" />
    <int name="background_ig_picker" value="-526345" />
    <boolean name="statuschat" value="true" />
    <int name="rcCard2_GCDir" value="2" />
    <boolean name="quoted_divider_picker_Gactive" value="false" />
    <boolean name="ModChaSendColor_Gactive" value="false" />
    <int name="ModChatEmojiColor" value="-16753441" />
    <boolean name="rcAttachBk_Gactive" value="false" />
    <int name="ModChaSendColor" value="-16753441" />
    <int name="Img_highres_seek" value="6" />
    <int name="pagetitle_sel_picker" value="-16753441" />
    <boolean name="ModDarkConPickColorNav_Gactive" value="false" />
    <int name="ModChatColor" value="-526345" />
    <boolean name="rcCard3_Gactive" value="true" />
    <int name="tabadgeBKColor" value="0" />
    <boolean name="emojipopup_header_Gactive" value="false" />
    <int name="ModContactNameColor_picker" value="-15459034" />
    <boolean name="HomeCounterBK_Gactive" value="false" />
    <boolean name="home_imgBK" value="false" />
    <string name="yo_nicons">0</string>
    <boolean name="DrawerText_Gactive" value="false" />
    <int name="card_background_color" value="-526345" />
    <boolean name="quoted_name_picker_Gactive" value="false" />
    <boolean name="custom_wall_profilepic" value="false" />
    <int name="seenColor" value="-1" />
    <int name="tabColor" value="-526345" />
    <int name="rcCard3_GC" value="-270104" />
    <boolean name="date_right_color_Gactive" value="false" />
    <int name="tabadgeTextColor" value="0" />
    <boolean name="fab_bom_color_check" value="true" />
    <string name="ConvoEntry">24</string>
    <int name="ModConColor" value="-263173" />
    <boolean name="chats_show_contact_online_toast_check" value="true" />
    <string name="tick_style">rcios11</string>
    <boolean name="Img_share_limit" value="true" />
    <int name="ModConPickColor_GC" value="-15847284" />
    <int name="HomeIcon" value="-16753441" />
    <boolean name="hide_fab" value="true" />
    <boolean name="RcUnSeenColor_Gactive" value="false" />
    <boolean name="ModChatTextColor_Gactive" value="false" />
    <int name="RcBkTabs" value="-263173" />
    <int name="RcBkTabs_GCDir" value="2" />
    <boolean name="my_name" value="false" />
    <boolean name="TxtSelect" value="false" />
    <int name="pagetitle_picker" value="-16777216" />
    <int name="rcname_color_sub" value="-8224126" />
    <int name="ModChatDarkColor" value="-263173" />
    <int name="rcCard1_GCDir" value="2" />
    <boolean name="hide_action_a" value="false" />
    <boolean name="rc_Txunseen_Gactive" value="false" />
    <boolean name="hide_action_b" value="false" />
    <boolean name="ConvoBack_Gactive" value="false" />
    <boolean name="disable_background" value="true" />
    <boolean name="quoted_text_picker_Gactive" value="false" />
    <int name="background_ig" value="-526345" />
    <string name="home">2</string>
    <boolean name="RcTargetColor_Gactive" value="false" />
    <boolean name="ModConPickColor_Gactive" value="false" />
    <string name="HomeEntry">yousef</string>
    <boolean name="CardStori_Gactive" value="false" />
    <int name="main_text" value="14" />
    <boolean name="ModChatRightBubble_Gactive" value="false" />
    <boolean name="unselected_tab_color_check" value="true" />
    <boolean name="ModConColor_Gactive" value="false" />
    <boolean name="rcEmojiColor_Gactive" value="false" />
    <int name="text_size_pick" value="14" />
    <int name="ModChatBubbleText" value="-16777216" />
    <int name="rvkdmsg_icon_color" value="-2023091" />
    <int name="key_chat_iconback_picker" value="-16753441" />
    <boolean name="rc_Bkunseen_Gactive" value="false" />
    <int name="ItemText" value="-16777216" />
    <int name="emojipopup_icons" value="-16777216" />
    <int name="TextSearch" value="-16777216" />
    <int name="unselected_tab_color" value="-16753441" />
    <boolean name="quoted_bg_picker_Gactive" value="false" />
    <boolean name="ModContactNameColor_check" value="true" />
    <int name="chats_row_divider_picker" value="-3684409" />
    <int name="ModFabNormalColor" value="-526345" />
    <boolean name="hide_action_l" value="false" />
    <int name="ModContactNameColor" value="-16777216" />
    <boolean name="hide_action_m" value="false" />
    <boolean name="Audio_sensor" value="true" />
    <boolean name="rcAttachIcon_Gactive" value="false" />
    <boolean name="BkItem_Gactive" value="false" />
    <int name="fab_bom_color" value="-526345" />
    <boolean name="tabadgeTextColor_Gactive" value="false" />
    <boolean name="RcStatusTitle_Gactive" value="false" />
    <boolean name="BGColor_Gactive" value="false" />
    <int name="rcname_color" value="-16777216" />
    <int name="RcTextTab" value="-16777216" />
    <int name="RcStatusTitle" value="-16777216" />
    <int name="ModConDarkColor" value="-263173" />
    <int name="RcsetTarg" value="-1579033" />
    <int name="date_right_color" value="-16777216" />
    <int name="emojipopup_body" value="-1" />
    <boolean name="key_fiveminutes_status" value="true" />
    <boolean name="emojipopup_body_Gactive" value="false" />
    <boolean name="NameProf" value="false" />
    <boolean name="ModChatEmojiColor_Gactive" value="false" />
    <boolean name="ModChatBtnColor_Gactive" value="false" />
    <boolean name="card_background_color_check" value="true" />
    <boolean name="text_nama_igstory_check" value="true" />
    <int name="ModChatRightBubble" value="-394759" />
    <int name="fab_ForTab_color" value="-526345" />
    <int name="rcCard3_GCDir" value="2" />
    <int name="ModChatLeftBubble" value="-2039584" />
    <boolean name="ModChaSendBKColor_Gactive" value="false" />
    <boolean name="warnaFabIgStory_check" value="true" />
    <boolean name="tittle_center" value="false" />
    <boolean name="start_bl" value="false" />
    <int name="yoTostC" value="-16753441" />
    <boolean name="pagetitle_sel_picker_Gactive" value="false" />
    <boolean name="key_hide_bottom" value="true" />
    <boolean name="fab_bom_icon_color_check" value="true" />
    <boolean name="yo_want_airplanemode" value="false" />
    <int name="error_GC" value="-15847284" />
    <int name="ModDarkConPickColor" value="-526345" />
    <boolean name="Archv_chats" value="false" />
    <boolean name="BgSearch_Gactive" value="false" />
    <boolean name="RcsetTarg_Gactive" value="false" />
    <int name="yoTostT" value="-1" />
    <boolean name="chat_mypicV2" value="true" />
    <int name="ModConTextColor" value="-16777216" />
    <int name="ModFabNormalColor_GC" value="-16102475" />
    <boolean name="ModOnlineColor_Gactive" value="false" />
    <boolean name="date_divider_color_picker_Gactive" value="false" />
    <boolean name="PicProf" value="false" />
    <int name="rcAddColor" value="-16753441" />
    <int name="rc_Bkunseen" value="-2023091" />
    <boolean name="profile_toast" value="false" />
    <boolean name="btn_voice_color_chat_picker_Gactive" value="false" />
    <int name="ModFabNormalColor_GCDir" value="2" />
    <int name="ModConPickColor_GCDir" value="2" />
    <string name="bubble_style">ios11</string>
    <boolean name="ModChatColor_Gactive" value="false" />
    <boolean name="rcAttachTx_Gactive" value="false" />
    <int name="ModChatBtnColor" value="-16753441" />
    <boolean name="ModChatLeftBubble_Gactive" value="false" />
    <int name="ModChatColor_GCDir" value="2" />
    <boolean name="color_garis_time_line_check" value="true" />
    <string name="pic_startlocation">1</string>
    <boolean name="AttBt" value="false" />
    <boolean name="pic_inside" value="false" />
    <boolean name="rcname_color_Gactive" value="false" />
    <boolean name="HomeCounterText_Gactive" value="false" />
    <boolean name="statuses_toast" value="true" />
    <boolean name="warnaFabIconIgStory_check" value="true" />
    <boolean name="RcTextTab_Gactive" value="false" />
    <int name="date_left_color" value="-16777216" />
    <int name="key_image_resolution" value="30" />
    <boolean name="ModFabTextColor_check" value="true" />
    <boolean name="ModDarkConPickColor_Gactive" value="false" />
    <boolean name="ModChatBubbleText_Gactive" value="false" />
    <int name="rcMicColor" value="-16753441" />
    <int name="unSeenColor" value="-16753441" />
    <int name="RCtabBg" value="-263173" />
    <boolean name="Up_size_limit" value="true" />
    <int name="statuses_bar_bg_picker" value="-526345" />
    <boolean name="emojipopup_icons_Gactive" value="false" />
    <int name="emojipopup_header" value="-1" />
    <int name="quoted_name_picker" value="-16537100" />
    <int name="HomeBarText" value="-16753441" />
    <int name="dial_text" value="-16777216" />
    <boolean name="tittle_bold" value="false" />
    <int name="rcAttachBk" value="-1" />
    <boolean name="rcAddColor_Gactive" value="false" />
    <boolean name="log_show_name_check" value="true" />
    <boolean name="on_shadow_text" value="false" />
    <int name="RcsetBg" value="-1" />
    <int name="statuses_bar_text_picker" value="-16753441" />
    <boolean name="hide_animation" value="true" />
    <int name="color_garis_time_line" value="-16753441" />
    <int name="tabColor_picker" value="-526345" />
    <string name="pilih_gaya_quick_contact">1</string>
    <boolean name="rcCard2_Gactive" value="true" />
    <boolean name="unSeenColor_check" value="true" />
    <int name="row_resizer" value="270" />
    <int name="warnaFabIgStory" value="-526345" />
    <int name="error_GCDir" value="2" />
    <boolean name="seekbar_color_chat_picker_Gactive" value="false" />
    <int name="ModConPickColor" value="-526345" />
    <int name="fab_bom_icon_color_picker" value="-16753441" />
    <int name="fab_ForTab_color_picker" value="-526345" />
    <int name="BkItem" value="16777215" />
    <int name="CardStori" value="-263173" />
    <int name="CardStori_GCDir" value="2" />
    <int name="DrawerText" value="-16777216" />
    <boolean name="date_left_color_Gactive" value="false" />
    <int name="card_background_color_picker" value="-526345" />
    <boolean name="rvkdmsg_icon_color_Gactive" value="false" />
    <int name="unselected_tab_color_picker" value="-16753441" />
    <boolean name="fab_ForTab_color_check" value="true" />
    <int name="ModConColor_GCDir" value="2" />
    <int name="warnaFabIconIgStory" value="-16753441" />
    <int name="error" value="-263173" />
    <boolean name="ModConBackColor_Gactive" value="false" />
    <int name="dial_bg" value="-1" />
    <int name="pic_chat_size_pickerV2" value="40" />
    <int name="unSeenColor_picker" value="-16753441" />
    <boolean name="background_ig_check" value="true" />
    <boolean name="RcsetBg_Gactive" value="false" />
    <boolean name="custom_wall" value="false" />
    <int name="border_pic_color_chat" value="-16753441" />
    <boolean name="ModChatBubbleTextLeft_Gactive" value="false" />
    <int name="fab_bom_icon_color" value="-16753441" />
    <boolean name="ModChatEntry_Gactive" value="false" />
    <boolean name="elapsed_time" value="true" />
    <int name="rcAttachTx" value="-16777216" />
    <int name="rc_Txunseen" value="-1" />
    <boolean name="HomeIcon_Gactive" value="false" />
    <boolean name="ModlastseenColor_Gactive" value="false" />
    <string name="key_application_theme">0</string>
    <boolean name="ModFabNormalColor_Gactive" value="false" />
    <boolean name="key_chat_iconback_picker_Gactive" value="false" />
    <int name="ModChatEntry" value="-1" />
    <boolean name="Audio_ears" value="false" />
    <boolean name="border_pic_color_chat_check" value="true" />
    <int name="square_photo_ratio_picker" value="100" />
    <boolean name="hide_button_music" value="false" />
    <int name="text_nama_igstory_picker" value="-15459034" />
    <int name="ModChatTextColor" value="-16777216" />
    <boolean name="group_participants_picV2" value="true" />
    <boolean name="ModChatBubbleHyperlinks_Gactive" value="false" />
    <boolean name="border_pic_color_check" value="true" />
    <boolean name="tabColor_check" value="true" />
    <int name="seenColor_picker" value="-1" />
    <int name="ModConColor_GC" value="-1" />
    <boolean name="key_story_statusview" value="false" />
    <int name="ModOnlineColor" value="-16753441" />
</map>
